{"cameraMode":{"drawMode":31,"name":"Sprite Mask","section":"Miscellaneous"},"sceneLighting":false,"audioPlay":false,"sceneViewState":{"m_AlwaysRefresh":false,"showFog":true,"showSkybox":false,"showFlares":true,"showImageEffects":true,"showParticleSystems":true,"showVisualEffectGraphs":true,"m_FxEnabled":true},"in2DMode":false,"pivot":{"x":3.8066415786743166,"y":2.8346030712127687,"z":0.26989877223968508},"rotation":{"x":0.09598766267299652,"y":-0.7109948396682739,"z":0.0989692285656929,"w":0.6895761489868164},"size":1.9516706466674805,"orthographic":false}