{"cameraMode":{"drawMode":31,"name":"Sprite Mask","section":"Miscellaneous"},"sceneLighting":false,"audioPlay":false,"sceneViewState":{"m_AlwaysRefresh":false,"showFog":true,"showSkybox":false,"showFlares":true,"showImageEffects":true,"showParticleSystems":true,"showVisualEffectGraphs":true,"m_FxEnabled":true},"in2DMode":false,"pivot":{"x":2.2399957180023195,"y":0.39479875564575198,"z":2.4924733638763429},"rotation":{"x":0.24275007843971253,"y":-0.09121318906545639,"z":0.02293309010565281,"w":0.9655375480651856},"size":14.080018997192383,"orthographic":false}