{"cameraMode":{"drawMode":31,"name":"Sprite Mask","section":"Miscellaneous"},"sceneLighting":false,"audioPlay":false,"sceneViewState":{"m_AlwaysRefresh":false,"showFog":true,"showSkybox":false,"showFlares":true,"showImageEffects":true,"showParticleSystems":true,"showVisualEffectGraphs":true,"m_FxEnabled":true},"in2DMode":false,"pivot":{"x":-0.3026244640350342,"y":-0.22393593192100526,"z":0.29373717308044436},"rotation":{"x":0.2346886545419693,"y":-0.6500956416130066,"z":0.22181114554405213,"w":0.687847912311554},"size":0.3475954532623291,"orthographic":false}