{"cameraMode":{"drawMode":31,"name":"Sprite Mask","section":"Miscellaneous"},"sceneLighting":false,"audioPlay":false,"sceneViewState":{"m_AlwaysRefresh":false,"showFog":true,"showSkybox":true,"showFlares":true,"showImageEffects":true,"showParticleSystems":true,"showVisualEffectGraphs":true,"m_FxEnabled":true},"in2DMode":false,"pivot":{"x":-2.7436113357543947,"y":0.4883332848548889,"z":4.829606056213379},"rotation":{"x":0.07520975917577744,"y":-0.028106264770030977,"z":0.002121436409652233,"w":0.9967901706695557},"size":2.2568342685699465,"orthographic":false}