{"cameraMode":{"drawMode":31,"name":"Sprite Mask","section":"Miscellaneous"},"sceneLighting":false,"audioPlay":false,"sceneViewState":{"m_AlwaysRefresh":false,"showFog":true,"showSkybox":false,"showFlares":true,"showImageEffects":true,"showParticleSystems":true,"showVisualEffectGraphs":true,"m_FxEnabled":true},"in2DMode":false,"pivot":{"x":0.9045081734657288,"y":0.13589812815189362,"z":0.2587306797504425},"rotation":{"x":0.018865637481212617,"y":-0.8237020969390869,"z":0.027445148676633836,"w":0.5660758018493652},"size":0.08963295817375183,"orthographic":false}